{"cameraMode":{"drawMode":0,"name":"Shaded","section":"Shading Mode"},"sceneLighting":false,"audioPlay":false,"sceneViewState":{"showFog":true,"showMaterialUpdate":false,"showSkybox":true,"showFlares":true,"showImageEffects":true,"showParticleSystems":true},"in2DMode":false,"pivot":{"x":36.88138198852539,"y":9.671177864074707,"z":30.828296661376954},"rotation":{"x":0.015324118547141552,"y":-0.8674870729446411,"z":0.026824595406651498,"w":0.496522456407547},"size":5.878137111663818,"orthographic":false}